"source_type","n_obs","mean_effect","median_effect","sd_effect"
"Company survey",192,0.14764959375,0.02048,0.423296541756407
"Literature",105,0.766997955047619,0.05,2.20454447110466
