"scenario","bim_operation","n_projects","mean_npv_base","mean_npv_scenario","mean_npv_gain","median_npv_gain","min_npv_gain","max_npv_gain"
"base",FALSE,2,-3863.30913658499,-3863.30913658499,0,0,0,0
"base",TRUE,1,-1052.6798341562,-1042.86393817557,9.81589598062897,9.81589598062897,9.81589598062897,9.81589598062897
"high",FALSE,2,-3863.30913658499,-3863.30913658499,0,0,0,0
"high",TRUE,1,-1052.6798341562,-1041.69819493518,10.9816392210134,10.9816392210134,10.9816392210134,10.9816392210134
"low",FALSE,2,-3863.30913658499,-3863.30913658499,0,0,0,0
"low",TRUE,1,-1052.6798341562,-1045.07716084934,7.60267330685565,7.60267330685565,7.60267330685565,7.60267330685565
