"scenario","n_projects","mean_npv_base","mean_npv_scenario","mean_npv_gain","median_npv_gain","min_npv_gain","max_npv_gain"
"base",3,-2926.43270244206,-2903.46730048646,22.9654019555948,9.81589598062897,4.61835278361195,54.4619571025435
"high",3,-2926.43270244206,-2900.73991195818,25.6927904838839,10.9816392210134,5.16683185774127,60.929900372897
"low",3,-2926.43270244206,-2908.64538595322,17.7873164888431,7.60267330685565,3.57703743997536,42.1822387196983
