"id","project_name","bim_operation","capex_planned_musd","term_ppp_years","annual_net_cf","npv_base","r_actual","npv_wacc_actual","npv_gain_wacc"
"RU-005","Pulkovo Airport",FALSE,1600,30,123.550666666667,-209.093362767704,0.08,-209.093362767704,0
"RU-001","Toll road M11 (543-646 km and 646-684 km)",TRUE,1068,27,1.401,-1052.6798341562,0.075,-1051.97062528866,0.709208867532652
"RU-002","Toll road WHSD",FALSE,7490,25,-2.5785,-7517.52491040228,0.08,-7517.52491040228,0
