"project_id","project_name","npv_base","value_efficiency","value_risk_reduction","value_realoption_central","total_value_central","total_value_min","total_value_max"
"RU-001","Toll road M11 (543-646 km and 646-684 km)",-1052.6798341562,0.990461376258982,0.709208867532652,0,-1050.9801639124,-1050.9801639124,-1050.56609891046
"RU-002","Toll road WHSD",-7517.52491040228,-1.79404910779992,0,0,-7519.31895951008,-7519.31895951008,-7519.31895951008
"RU-005","Pulkovo Airport",-209.093362767704,90.8981995206253,0,4.02514415065716,-114.170019096422,-118.18212991912,-99.8475045900308
