"id","project_name","n_sims","npv_base","mean_npv_sim","median_npv_sim","sd_npv_sim","p05_npv_sim","p50_npv_sim","p95_npv_sim","prob_npv_neg","mean_npv_gain","median_npv_gain","mean_wacc","sd_wacc","mean_delta_opex","sd_delta_opex"
"RU-001","Toll road M11 (543-646 km and 646-684 km)",20000,-1052.6798341562,-1041.53189328656,-1041.78722846796,7.13138588891904,-1052.79236400977,-1041.78722846796,-1029.35361121673,1,11.1479408696372,10.8926056882366,0.0800206358324213,0.00498960333545152,0.0652399813157495,0.039431504624876
"RU-002","Toll road WHSD",20000,-7517.52491040228,-7512.39078775484,-7512.45066039874,3.02032923966144,-7517.28932935723,-7512.45066039874,-7507.35983833073,1,5.13412264743218,5.07425000354078,0.0800013827410129,0.00499248647266452,0.0644993325403016,0.0396320307056033
"RU-005","Pulkovo Airport",20000,-209.093362767704,-144.349039942665,-147.684330449748,87.4365166403949,-282.063068889086,-147.684330449748,5.57491362387604,0.94535,64.7443228250392,61.4090323179558,0.0799573896632317,0.00500096453116668,0.065014574442333,0.0391614433735308
