"stage_clean","effect_type","fit","se.fit","df","residual.scale","log_fit","log_lwr","log_upr","eff_hat","eff_lwr","eff_upr","eff_hat_pct","eff_lwr_pct","eff_upr_pct"
"4_All stages","cost",1.91692261218206,0.562079442166505,100,0.562079442166505,1.91692261218206,0.815246905535711,3.01859831882841,5.8,1.25973354419734,19.4625895467798,580.000000000001,125.973354419734,1946.25895467798
"Construction","cost",0.362906061667626,0.0811042249313005,100,0.562079442166505,0.362906061667626,0.203941780802277,0.521870342532975,0.437500816468977,0.22622676143976,0.685176561407553,43.7500816468977,22.622676143976,68.5176561407553
"Design","cost",0.271935265282242,0.0947512896033747,100,0.562079442166505,0.271935265282242,0.086222737659628,0.457647792904857,0.31250203411224,0.0900490962519216,0.580352293738008,31.250203411224,9.00490962519216,58.0352293738008
"Operation","cost",0.089718671436595,0.177745126320304,100,0.562079442166505,0.089718671436595,-0.258661776151202,0.438099119024392,0.0938665045214286,-0.227915883851383,0.549758510358486,9.38665045214286,-22.7915883851383,54.9758510358486
"4_All stages","time",1.77672425810823,0.580322872812797,100,0.562079442166505,1.77672425810823,0.639291427395143,2.91415708882131,4.91046351991512,0.895137560883762,17.4332682446317,491.046351991512,89.5137560883762,1743.32682446317
"Construction","time",0.22270770759379,0.138140138062041,100,0.562079442166505,0.22270770759379,-0.0480469630078111,0.493462378195391,0.249455314057072,-0.0469109739009195,0.637977711499916,24.9455314057072,-4.69109739009195,63.7977711499916
"Design","time",0.131736911208407,0.145838444920717,100,0.562079442166505,0.131736911208407,-0.154106440836199,0.417580263253012,0.140808145946291,-0.142819222883184,0.51828326136163,14.0808145946291,-14.2819222883184,51.828326136163
"Operation","time",-0.0504796826372409,0.22898617280113,100,0.562079442166505,-0.0504796826372409,-0.499292581327456,0.398333216052975,-0.0492267543189749,-0.393040117370963,0.489340219302963,-4.92267543189749,-39.3040117370963,48.9340219302963
